/*M!999999\- enable the sandbox mode */ 
-- MariaDB dump 10.19  Distrib 10.11.13-MariaDB, for debian-linux-gnu (x86_64)
--
-- Host: localhost    Database: teste
-- ------------------------------------------------------
-- Server version	10.11.13-MariaDB-0ubuntu0.24.04.1

/*!40101 SET @OLD_CHARACTER_SET_CLIENT=@@CHARACTER_SET_CLIENT */;
/*!40101 SET @OLD_CHARACTER_SET_RESULTS=@@CHARACTER_SET_RESULTS */;
/*!40101 SET @OLD_COLLATION_CONNECTION=@@COLLATION_CONNECTION */;
/*!40101 SET NAMES utf8mb4 */;
/*!40103 SET @OLD_TIME_ZONE=@@TIME_ZONE */;
/*!40103 SET TIME_ZONE='+00:00' */;
/*!40014 SET @OLD_UNIQUE_CHECKS=@@UNIQUE_CHECKS, UNIQUE_CHECKS=0 */;
/*!40014 SET @OLD_FOREIGN_KEY_CHECKS=@@FOREIGN_KEY_CHECKS, FOREIGN_KEY_CHECKS=0 */;
/*!40101 SET @OLD_SQL_MODE=@@SQL_MODE, SQL_MODE='NO_AUTO_VALUE_ON_ZERO' */;
/*!40111 SET @OLD_SQL_NOTES=@@SQL_NOTES, SQL_NOTES=0 */;

--
-- Table structure for table `contadores_mensais`
--

DROP TABLE IF EXISTS `contadores_mensais`;
/*!40101 SET @saved_cs_client     = @@character_set_client */;
/*!40101 SET character_set_client = utf8mb4 */;
CREATE TABLE `contadores_mensais` (
  `id` int(11) NOT NULL AUTO_INCREMENT,
  `num_serie` varchar(50) NOT NULL,
  `filial_id` int(11) NOT NULL,
  `contador` float DEFAULT NULL,
  `data` datetime NOT NULL DEFAULT current_timestamp(),
  PRIMARY KEY (`id`),
  UNIQUE KEY `id` (`id`),
  KEY `num_serie` (`num_serie`),
  KEY `filial_id` (`filial_id`),
  CONSTRAINT `contadores_mensais_ibfk_1` FOREIGN KEY (`num_serie`) REFERENCES `impressoras` (`num_serie`),
  CONSTRAINT `contadores_mensais_ibfk_2` FOREIGN KEY (`filial_id`) REFERENCES `filiais` (`id`)
) ENGINE=InnoDB AUTO_INCREMENT=515 DEFAULT CHARSET=utf8mb4 COLLATE=utf8mb4_general_ci;
/*!40101 SET character_set_client = @saved_cs_client */;

--
-- Dumping data for table `contadores_mensais`
--

LOCK TABLES `contadores_mensais` WRITE;
/*!40000 ALTER TABLE `contadores_mensais` DISABLE KEYS */;
INSERT INTO `contadores_mensais` VALUES
(1,'5BT795377',3,45984,'2025-09-03 15:11:10'),
(2,'BRB7MB824Z',23,50661,'2025-09-03 15:11:10'),
(3,'BRBSQ9906Z',25,19535,'2025-09-03 15:11:10'),
(4,'BRBSQ99085',38,9359,'2025-09-03 15:11:10'),
(5,'BRBSQ9908P',25,23667,'2025-09-03 15:11:10'),
(6,'BRBSQ990K7',38,23291,'2025-09-03 15:11:10'),
(7,'BRBSQ990M5',25,12395,'2025-09-03 15:11:10'),
(8,'BRBSQ990MZ',35,1115,'2025-09-03 15:11:10'),
(9,'BRBSQ9H0B1',50,12615,'2025-09-03 15:11:10'),
(10,'BRBSQ9P06Q',51,29138,'2025-09-03 15:11:10'),
(11,'BRBSQC00ZR',51,6967,'2025-09-03 15:11:10'),
(12,'BRBSS7S029',12,861,'2025-09-03 15:11:10'),
(13,'BRBSS9L0HT',35,4783,'2025-09-03 15:11:10'),
(14,'BRDSQB20CJ',50,4303,'2025-09-03 15:11:10'),
(15,'BRDSQB3003',26,4277,'2025-09-03 15:11:10'),
(16,'BRDSQB303W',12,15779,'2025-09-03 15:11:10'),
(17,'BRDSQB3040',53,12490,'2025-09-03 15:11:10'),
(18,'BRDSQB309C',53,8594,'2025-09-03 15:11:10'),
(19,'BRDSQB603X',12,9740,'2025-09-03 15:11:10'),
(20,'ZDDPB07M515Q8SL',45,56802,'2025-09-03 15:11:10'),
(21,'ZDDPB07M515QTJL',20,90364,'2025-09-03 15:11:10'),
(22,'ZDDPB07M6168QDK',45,76253,'2025-09-03 15:11:10'),
(23,'ZDDPB07M6168RVA',11,168793,'2025-09-03 15:11:10'),
(24,'ZDDPB07M616B4FE',29,73311,'2025-09-03 15:11:10'),
(25,'ZDDPB07M616B50H',28,67421,'2025-09-03 15:11:10'),
(26,'ZDDPB07M616B5DH',26,132266,'2025-09-03 15:11:10'),
(27,'ZDDPB07M616B5PH',27,145133,'2025-09-03 15:11:10'),
(28,'ZDDPB07M616B6PW',39,94131,'2025-09-03 15:11:10'),
(29,'ZDDPB07M616B6VW',35,53951,'2025-09-03 15:11:10'),
(30,'ZDDPB07M616B6WW',19,144429,'2025-09-03 15:11:10'),
(31,'ZDDPB07M616B8MZ',37,37248,'2025-09-03 15:11:10'),
(32,'ZDDPB07M616B9YP',35,89877,'2025-09-03 15:11:10'),
(33,'ZDDPB07M616BC7M',34,13915,'2025-09-03 15:11:10'),
(34,'ZDDPB07M616BCFM',19,132827,'2025-09-03 15:11:10'),
(35,'ZDDPB07M616BCGM',15,132947,'2025-09-03 15:11:10'),
(36,'ZDDPB07M716CNLX',6,95479,'2025-09-03 15:11:10'),
(37,'ZDDPB07M716CNNX',2,147732,'2025-09-03 15:11:10'),
(38,'ZDDPB07M716CP5F',20,21405,'2025-09-03 15:11:10'),
(39,'ZDDPB07M716CQDJ',39,156232,'2025-09-03 15:11:10'),
(40,'ZDDPB07M716CREV',19,263484,'2025-09-03 15:11:10'),
(41,'ZDDPB07M716CT2Y',23,141597,'2025-09-03 15:11:10'),
(42,'ZDDPB07M716CTQY',37,29764,'2025-09-03 15:11:10'),
(43,'ZDDPB07M716CTZY',4,131596,'2025-09-03 15:11:10'),
(44,'ZDDPB07M716CVKDX',4,36053,'2025-09-03 15:11:10'),
(45,'ZDDPB07M716CVPD',29,107456,'2025-09-03 15:11:11'),
(46,'ZDDPB07M716CVXD',9,115885,'2025-09-03 15:11:11'),
(47,'ZDDPB07M716CW1E',21,128181,'2025-09-03 15:11:11'),
(48,'ZDDPB07M716CX1H',2,130650,'2025-09-03 15:11:11'),
(49,'ZDDPB07M716CYWW',30,59066,'2025-09-03 15:11:11'),
(50,'ZDDPB07M716CZET',9,63620,'2025-09-03 15:11:11'),
(51,'ZDDPB07M716CZHTX',13,23957,'2025-09-03 15:11:11'),
(52,'ZDDPB07M716CZST',30,71360,'2025-09-03 15:11:11'),
(53,'ZDDPB07M716D00N',26,46893,'2025-09-03 15:11:11'),
(54,'ZDDPB07M716D2GM',28,190839,'2025-09-03 15:11:11'),
(55,'ZDDPB07M716D2RM',10,199673,'2025-09-03 15:11:11'),
(56,'ZDDPB07M716D2WM',27,91906,'2025-09-03 15:11:11'),
(57,'ZDDPB07M716D3BL',8,236656,'2025-09-03 15:11:11'),
(58,'ZDDPB07M716DERH',19,161239,'2025-09-03 15:11:11'),
(59,'ZDDPB07M716DETH',21,128113,'2025-09-03 15:11:11'),
(60,'ZDDPB07M716DF0W',23,35590,'2025-09-03 15:11:11'),
(61,'ZDDPB07M716DF2W',3,84669,'2025-09-03 15:11:11'),
(62,'ZDDPB07M716DN0L',8,119214,'2025-09-03 15:11:11'),
(63,'ZDDPB07M716DP0K',11,66912,'2025-09-03 15:11:11'),
(64,'ZDDPB07M716DQNA',5,172685,'2025-09-03 15:11:11'),
(66,'5BT795377',3,46179,'2025-09-08 13:01:19'),
(67,'BRB7MB824Z',23,50706,'2025-09-08 13:01:19'),
(68,'BRBSQ9906Z',25,19610,'2025-09-08 13:01:20'),
(69,'BRBSQ99085',38,9395,'2025-09-08 13:01:20'),
(70,'BRBSQ9908P',25,23893,'2025-09-08 13:01:20'),
(71,'BRBSQ990K7',38,23508,'2025-09-08 13:01:20'),
(72,'BRBSQ990M5',25,12652,'2025-09-08 13:01:20'),
(73,'BRBSQ990MZ',35,1123,'2025-09-08 13:01:20'),
(74,'BRBSQ9H0B1',50,12677,'2025-09-08 13:01:20'),
(75,'BRBSQ9P06Q',51,29299,'2025-09-08 13:01:20'),
(76,'BRBSQC00ZR',51,7021,'2025-09-08 13:01:20'),
(77,'BRBSS7S029',12,909,'2025-09-08 13:01:20'),
(78,'BRBSS9L0HT',35,4849,'2025-09-08 13:01:20'),
(79,'BRDSQB20CJ',50,4321,'2025-09-08 13:01:20'),
(80,'BRDSQB3003',26,4314,'2025-09-08 13:01:20'),
(81,'BRDSQB303W',12,15854,'2025-09-08 13:01:20'),
(82,'BRDSQB3040',53,12654,'2025-09-08 13:01:20'),
(83,'BRDSQB30GH',16,897,'2025-09-08 13:01:20'),
(84,'BRDSQB603X',12,9793,'2025-09-08 13:01:20'),
(85,'ZDDPB07M515Q8SL',45,56810,'2025-09-08 13:01:20'),
(86,'ZDDPB07M515QTJL',20,90547,'2025-09-08 13:01:20'),
(87,'ZDDPB07M6168QDK',45,76475,'2025-09-08 13:01:20'),
(88,'ZDDPB07M6168RVA',11,169039,'2025-09-08 13:01:20'),
(89,'ZDDPB07M616B4FE',29,73431,'2025-09-08 13:01:20'),
(90,'ZDDPB07M616B50H',28,67779,'2025-09-08 13:01:20'),
(91,'ZDDPB07M616B5DH',26,132549,'2025-09-08 13:01:20'),
(92,'ZDDPB07M616B5PH',27,145741,'2025-09-08 13:01:20'),
(93,'ZDDPB07M616B6VW',35,54183,'2025-09-08 13:01:20'),
(94,'ZDDPB07M616B6WW',19,144483,'2025-09-08 13:01:20'),
(95,'ZDDPB07M616B8MZ',37,37427,'2025-09-08 13:01:20'),
(96,'ZDDPB07M616B9YP',35,89942,'2025-09-08 13:01:20'),
(97,'ZDDPB07M616BC7M',34,14033,'2025-09-08 13:01:20'),
(98,'ZDDPB07M616BCFM',19,132915,'2025-09-08 13:01:20'),
(99,'ZDDPB07M616BCGM',15,133271,'2025-09-08 13:01:20'),
(100,'ZDDPB07M716CNLX',6,95498,'2025-09-08 13:01:20'),
(101,'ZDDPB07M716CNNX',2,147969,'2025-09-08 13:01:20'),
(102,'ZDDPB07M716CP5F',20,21445,'2025-09-08 13:01:20'),
(103,'ZDDPB07M716CQDJ',39,156410,'2025-09-08 13:01:20'),
(104,'ZDDPB07M716CREV',19,263501,'2025-09-08 13:01:20'),
(105,'ZDDPB07M716CT2Y',23,141830,'2025-09-08 13:01:20'),
(106,'ZDDPB07M716CTQY',37,29803,'2025-09-08 13:01:20'),
(107,'ZDDPB07M716CTZY',4,131686,'2025-09-08 13:01:20'),
(108,'ZDDPB07M716CVKDX',4,36251,'2025-09-08 13:01:20'),
(109,'ZDDPB07M716CVPD',29,107493,'2025-09-08 13:01:20'),
(110,'ZDDPB07M716CVXD',9,116118,'2025-09-08 13:01:20'),
(111,'ZDDPB07M716CW1E',21,128396,'2025-09-08 13:01:20'),
(112,'ZDDPB07M716CX1H',2,130841,'2025-09-08 13:01:20'),
(113,'ZDDPB07M716CXRH',7,185267,'2025-09-08 13:01:21'),
(114,'ZDDPB07M716CYWW',30,59280,'2025-09-08 13:01:21'),
(115,'ZDDPB07M716CZ1T',13,126994,'2025-09-08 13:01:21'),
(116,'ZDDPB07M716CZET',9,63740,'2025-09-08 13:01:21'),
(117,'ZDDPB07M716CZHTX',13,24845,'2025-09-08 13:01:21'),
(118,'ZDDPB07M716CZST',30,71606,'2025-09-08 13:01:21'),
(119,'ZDDPB07M716D00N',26,46976,'2025-09-08 13:01:21'),
(120,'ZDDPB07M716D2GM',28,191120,'2025-09-08 13:01:21'),
(121,'ZDDPB07M716D2RM',10,200064,'2025-09-08 13:01:21'),
(122,'ZDDPB07M716D2WM',27,91949,'2025-09-08 13:01:21'),
(123,'ZDDPB07M716D3BL',8,236837,'2025-09-08 13:01:21'),
(124,'ZDDPB07M716DERH',19,161429,'2025-09-08 13:01:21'),
(125,'ZDDPB07M716DETH',21,128255,'2025-09-08 13:01:21'),
(126,'ZDDPB07M716DF0W',23,35723,'2025-09-08 13:01:21'),
(127,'ZDDPB07M716DF2W',3,84773,'2025-09-08 13:01:21'),
(128,'ZDDPB07M716DN0L',8,119481,'2025-09-08 13:01:21'),
(129,'ZDDPB07M716DP0K',11,67216,'2025-09-08 13:01:21'),
(130,'ZDDPB07M716DQNA',5,172905,'2025-09-08 13:01:21'),
(131,'ZDDPB07M716HGMK',45,182426,'2025-09-08 13:01:21'),
(132,'ZDEJB07M545TG7X',24,142054,'2025-09-08 13:01:21'),
(133,'ZDEJB07M545T5QH',15,117750,'2025-09-08 13:01:21'),
(134,'ZDEJB07M926YQPD',45,4204,'2025-09-08 13:01:21'),
(135,'ZDEJB07MA1740AV',4,81346,'2025-09-08 13:01:21'),
(136,'ZEQYBQAD800465L',5,183984,'2025-09-08 13:01:21'),
(137,'ZEQYBQAD801381X',3,283722,'2025-09-08 13:01:21'),
(138,'ZEQYBQAFA002ZLW',10,106869,'2025-09-08 13:01:21'),
(139,'ZER4BQADA01350E',5,87814,'2025-09-08 13:01:21'),
(140,'ZER4BQADA01355M',39,146549,'2025-09-08 13:01:21'),
(141,'ZER4BQADA01355MX',3,352254,'2025-09-08 13:01:21'),
(142,'5BT795377',3,46330,'2025-09-10 10:53:28'),
(143,'BRB7MB824Z',23,50755,'2025-09-10 10:53:28'),
(144,'BRBSQ99085',38,9416,'2025-09-10 10:53:28'),
(145,'BRBSQ990K7',38,23585,'2025-09-10 10:53:28'),
(146,'BRBSQ990MZ',35,1123,'2025-09-10 10:53:28'),
(147,'BRBSQ9P06Q',51,29366,'2025-09-10 10:53:28'),
(148,'BRBSQC00ZR',51,7021,'2025-09-10 10:53:28'),
(149,'BRBSS7S029',12,944,'2025-09-10 10:53:28'),
(150,'BRBSS9L0HT',35,4882,'2025-09-10 10:53:28'),
(151,'BRDSQB20CJ',50,4326,'2025-09-10 10:53:28'),
(152,'BRDSQB303W',12,15919,'2025-09-10 10:53:28'),
(153,'BRDSQB3040',53,12773,'2025-09-10 10:53:28'),
(154,'BRDSQB309C',53,8771,'2025-09-10 10:53:28'),
(155,'BRDSQB30GH',16,899,'2025-09-10 10:53:28'),
(156,'BRDSQB603X',12,9851,'2025-09-10 10:53:28'),
(157,'ZDDPB07M515Q8SL',45,56831,'2025-09-10 10:53:28'),
(158,'ZDDPB07M515QTJL',20,90688,'2025-09-10 10:53:28'),
(159,'ZDDPB07M6168QDK',45,76640,'2025-09-10 10:53:28'),
(160,'ZDDPB07M6168RVA',11,169170,'2025-09-10 10:53:28'),
(161,'ZDDPB07M616B4FE',29,73557,'2025-09-10 10:53:28'),
(162,'ZDDPB07M616B50H',28,68073,'2025-09-10 10:53:28'),
(163,'ZDDPB07M616B5DH',26,132720,'2025-09-10 10:53:29'),
(164,'ZDDPB07M616B5PH',27,146103,'2025-09-10 10:53:29'),
(165,'ZDDPB07M616B6PW',39,94488,'2025-09-10 10:53:29'),
(166,'ZDDPB07M616B6VW',35,54358,'2025-09-10 10:53:29'),
(167,'ZDDPB07M616B6WW',19,144490,'2025-09-10 10:53:29'),
(168,'ZDDPB07M616B8MZ',37,37535,'2025-09-10 10:53:29'),
(169,'ZDDPB07M616B9YP',35,89995,'2025-09-10 10:53:29'),
(170,'ZDDPB07M616BC7M',34,14093,'2025-09-10 10:53:29'),
(171,'ZDDPB07M616BCFM',19,132955,'2025-09-10 10:53:29'),
(172,'ZDDPB07K7137F2Y',15,63631,'2025-09-10 10:53:29'),
(173,'ZDDPB07M716CNLX',6,95525,'2025-09-10 10:53:29'),
(174,'ZDDPB07M716CNNX',2,148080,'2025-09-10 10:53:29'),
(175,'ZDDPB07M716CP5F',20,21448,'2025-09-10 10:53:29'),
(176,'ZDDPB07M716CQDJ',39,156645,'2025-09-10 10:53:29'),
(177,'ZDDPB07M716CREV',19,263528,'2025-09-10 10:53:29'),
(178,'ZDDPB07M716CT2Y',23,141909,'2025-09-10 10:53:29'),
(179,'ZDDPB07M716CTQY',37,29830,'2025-09-10 10:53:29'),
(180,'ZDDPB07M716CTZY',4,131689,'2025-09-10 10:53:29'),
(181,'ZDDPB07M716CVKDX',4,36349,'2025-09-10 10:53:29'),
(182,'ZDDPB07M716CVPD',29,107508,'2025-09-10 10:53:29'),
(183,'ZDDPB07M716CVXD',9,116204,'2025-09-10 10:53:29'),
(184,'ZDDPB07M716CW1E',21,128531,'2025-09-10 10:53:29'),
(185,'ZDDPB07M716CX1H',2,130932,'2025-09-10 10:53:29'),
(186,'ZDDPB07M716CXRH',7,185278,'2025-09-10 10:53:29'),
(187,'ZDDPB07M716CYWW',30,59393,'2025-09-10 10:53:29'),
(188,'ZDDPB07M716CZET',9,63874,'2025-09-10 10:53:29'),
(189,'ZDDPB07M716CZHTX',13,25187,'2025-09-10 10:53:29'),
(190,'ZDDPB07M716CZST',30,71717,'2025-09-10 10:53:29'),
(191,'ZDDPB07M716D00N',26,47077,'2025-09-10 10:53:29'),
(192,'ZDDPB07M716D2GM',28,191259,'2025-09-10 10:53:29'),
(193,'ZDDPB07M716D2RM',10,200282,'2025-09-10 10:53:29'),
(194,'ZDDPB07M716D2WM',27,91949,'2025-09-10 10:53:29'),
(195,'ZDDPB07M716D3BL',8,236923,'2025-09-10 10:53:29'),
(196,'ZDDPB07M716DERH',19,161523,'2025-09-10 10:53:29'),
(197,'ZDDPB07M716DETH',21,128381,'2025-09-10 10:53:29'),
(198,'ZDDPB07M716DF0W',23,35743,'2025-09-10 10:53:29'),
(199,'ZDDPB07M716DF2W',3,84848,'2025-09-10 10:53:29'),
(200,'ZDDPB07M716DN0L',8,119620,'2025-09-10 10:53:29'),
(201,'ZDDPB07M716DP0K',11,67301,'2025-09-10 10:53:29'),
(202,'ZDDPB07M716DQNA',5,172975,'2025-09-10 10:53:29'),
(203,'ZDDPB07M716HGMK',45,182568,'2025-09-10 10:53:29'),
(204,'ZDEJB07M545T5QH',15,117862,'2025-09-10 10:53:29'),
(205,'ZDEJB07M545TG7X',24,142141,'2025-09-10 10:53:29'),
(206,'ZDEJB07M926YQPD',45,4205,'2025-09-10 10:53:29'),
(207,'ZDEJB07MA1740AV',4,81476,'2025-09-10 10:53:29'),
(208,'ZEQYBQAD800465L',5,184115,'2025-09-10 10:53:29'),
(209,'ZEQYBQAD801381X',3,283954,'2025-09-10 10:53:29'),
(210,'ZEQYBQAFA002ZLW',10,106970,'2025-09-10 10:53:29'),
(211,'ZER4BQADA01350E',5,87896,'2025-09-10 10:53:29'),
(212,'ZER4BQADA01355M',39,146656,'2025-09-10 10:53:29'),
(213,'ZER4BQADA01355MX',3,352380,'2025-09-10 10:53:29'),
(214,'5BT795377',3,46330,'2025-09-10 11:20:46'),
(215,'BRB7MB824Z',23,50755,'2025-09-10 11:20:46'),
(216,'BRBSQ99085',38,9416,'2025-09-10 11:20:46'),
(217,'BRBSQ990K7',38,23587,'2025-09-10 11:20:46'),
(218,'BRBSQ990MZ',35,1123,'2025-09-10 11:20:46'),
(219,'BRBSQ9H0B1',50,12716,'2025-09-10 11:20:46'),
(220,'BRBSQ9P06Q',51,29368,'2025-09-10 11:20:46'),
(221,'BRBSQC00ZR',51,7021,'2025-09-10 11:20:46'),
(222,'BRBSS7S029',12,944,'2025-09-10 11:20:46'),
(223,'BRBSS9L0HT',35,4882,'2025-09-10 11:20:46'),
(224,'BRDSQB20CJ',50,4326,'2025-09-10 11:20:46'),
(225,'BRDSQB3003',26,4326,'2025-09-10 11:20:46'),
(226,'BRDSQB303W',12,15919,'2025-09-10 11:20:47'),
(227,'BRDSQB3040',53,12774,'2025-09-10 11:20:47'),
(228,'BRDSQB309C',53,8771,'2025-09-10 11:20:47'),
(229,'BRDSQB30GH',16,899,'2025-09-10 11:20:47'),
(230,'BRDSQB603X',12,9851,'2025-09-10 11:20:47'),
(231,'ZDDPB07K7137F2Y',15,63631,'2025-09-10 11:20:47'),
(232,'ZDDPB07M515Q8SL',45,56831,'2025-09-10 11:20:47'),
(233,'ZDDPB07M515QTJL',20,90688,'2025-09-10 11:20:47'),
(234,'ZDDPB07M6168QDK',45,76643,'2025-09-10 11:20:47'),
(235,'ZDDPB07M6168RVA',11,169170,'2025-09-10 11:20:47'),
(236,'ZDDPB07M616B4FE',29,73557,'2025-09-10 11:20:47'),
(237,'ZDDPB07M616B50H',28,68077,'2025-09-10 11:20:47'),
(238,'ZDDPB07M616B5DH',26,132727,'2025-09-10 11:20:47'),
(239,'ZDDPB07M616B5PH',27,146105,'2025-09-10 11:20:47'),
(240,'ZDDPB07M616B6PW',39,94488,'2025-09-10 11:20:47'),
(241,'ZDDPB07M616B6VW',35,54363,'2025-09-10 11:20:47'),
(242,'ZDDPB07M616B6WW',19,144490,'2025-09-10 11:20:47'),
(243,'ZDDPB07M616B8MZ',37,37535,'2025-09-10 11:20:47'),
(244,'ZDDPB07M616B9YP',35,89999,'2025-09-10 11:20:47'),
(245,'ZDDPB07M616BC7M',34,14099,'2025-09-10 11:20:47'),
(246,'ZDDPB07M616BCFM',19,132957,'2025-09-10 11:20:47'),
(247,'ZDDPB07M716CNLX',6,95525,'2025-09-10 11:20:47'),
(248,'ZDDPB07M716CNNX',2,148083,'2025-09-10 11:20:47'),
(249,'ZDDPB07M716CP5F',20,21448,'2025-09-10 11:20:47'),
(250,'ZDDPB07M716CQDJ',39,156645,'2025-09-10 11:20:47'),
(251,'ZDDPB07M716CREV',19,263528,'2025-09-10 11:20:47'),
(252,'ZDDPB07M716CT2Y',23,141911,'2025-09-10 11:20:47'),
(253,'ZDDPB07M716CTQY',37,29830,'2025-09-10 11:20:47'),
(254,'ZDDPB07M716CTZY',4,131689,'2025-09-10 11:20:47'),
(255,'ZDDPB07M716CVKDX',4,36349,'2025-09-10 11:20:47'),
(256,'ZDDPB07M716CVPD',29,107508,'2025-09-10 11:20:47'),
(257,'ZDDPB07M716CVXD',9,116216,'2025-09-10 11:20:47'),
(258,'ZDDPB07M716CW1E',21,128538,'2025-09-10 11:20:47'),
(259,'ZDDPB07M716CX1H',2,130939,'2025-09-10 11:20:47'),
(260,'ZDDPB07M716CXRH',7,185279,'2025-09-10 11:20:47'),
(261,'ZDDPB07M716CYWW',30,59399,'2025-09-10 11:20:47'),
(262,'ZDDPB07M716CZET',9,63878,'2025-09-10 11:20:48'),
(263,'ZDDPB07M716CZHTX',13,25225,'2025-09-10 11:20:48'),
(264,'ZDDPB07M716CZST',30,71717,'2025-09-10 11:20:48'),
(265,'ZDDPB07M716D00N',26,47078,'2025-09-10 11:20:48'),
(266,'ZDDPB07M716D2GM',28,191260,'2025-09-10 11:20:48'),
(267,'ZDDPB07M716D2RM',10,200289,'2025-09-10 11:20:48'),
(268,'ZDDPB07M716D2WM',27,91949,'2025-09-10 11:20:48'),
(269,'ZDDPB07M716D3BL',8,236934,'2025-09-10 11:20:48'),
(270,'ZDDPB07M716DERH',19,161523,'2025-09-10 11:20:48'),
(271,'ZDDPB07M716DETH',21,128393,'2025-09-10 11:20:48'),
(272,'ZDDPB07M716DF0W',23,35743,'2025-09-10 11:20:48'),
(273,'ZDDPB07M716DF2W',3,84848,'2025-09-10 11:20:48'),
(274,'ZDDPB07M716DN0L',8,119631,'2025-09-10 11:20:48'),
(275,'ZDDPB07M716DP0K',11,67301,'2025-09-10 11:20:48'),
(276,'ZDDPB07M716DQNA',5,172977,'2025-09-10 11:20:48'),
(277,'ZDDPB07M716HGMK',45,182576,'2025-09-10 11:20:48'),
(278,'ZDEJB07M545T5QH',15,117862,'2025-09-10 11:20:48'),
(279,'ZDEJB07M545TG7X',24,142153,'2025-09-10 11:20:48'),
(280,'ZDEJB07M926YQPD',45,4205,'2025-09-10 11:20:48'),
(281,'ZDEJB07MA1740AV',4,81478,'2025-09-10 11:20:48'),
(282,'ZEQYBQAD800465L',5,184120,'2025-09-10 11:20:48'),
(283,'ZEQYBQAD801381X',3,283956,'2025-09-10 11:20:48'),
(284,'ZEQYBQAFA002ZLW',10,106973,'2025-09-10 11:20:48'),
(285,'ZER4BQADA01350E',5,87896,'2025-09-10 11:20:48'),
(286,'ZER4BQADA01355M',39,146657,'2025-09-10 11:20:48'),
(287,'ZER4BQADA01355MX',3,352383,'2025-09-10 11:20:48'),
(288,'5BT795377',3,46404,'2025-09-11 16:08:07'),
(289,'BRB7MB824Z',23,50832,'2025-09-11 16:08:07'),
(290,'BRBSQ9906Z',25,19660,'2025-09-11 16:08:07'),
(291,'BRBSQ99085',38,9416,'2025-09-11 16:08:07'),
(292,'BRBSQ9908P',25,24061,'2025-09-11 16:08:07'),
(293,'BRBSQ990K7',38,23670,'2025-09-11 16:08:07'),
(294,'BRBSQ990M5',25,12707,'2025-09-11 16:08:07'),
(295,'BRBSQ990MZ',35,1124,'2025-09-11 16:08:07'),
(296,'BRBSQ9H0B1',50,12727,'2025-09-11 16:08:07'),
(297,'BRBSQ9P06Q',51,29407,'2025-09-11 16:08:07'),
(298,'BRBSQC00ZR',51,7024,'2025-09-11 16:08:07'),
(299,'BRBSS7S029',12,959,'2025-09-11 16:08:07'),
(300,'BRBSS9L0HT',35,4939,'2025-09-11 16:08:08'),
(301,'BRDSQB20CJ',50,4331,'2025-09-11 16:08:08'),
(302,'BRDSQB3003',26,4328,'2025-09-11 16:08:08'),
(303,'BRDSQB303W',12,15938,'2025-09-11 16:08:08'),
(304,'BRDSQB3040',53,12788,'2025-09-11 16:08:08'),
(305,'BRDSQB309C',53,8816,'2025-09-11 16:08:08'),
(306,'BRDSQB30GH',16,899,'2025-09-11 16:08:08'),
(307,'BRDSQB603X',12,9861,'2025-09-11 16:08:08'),
(308,'ZDDPB07K7137F2Y',15,63783,'2025-09-11 16:08:08'),
(309,'ZDDPB07M515Q8SL',45,56836,'2025-09-11 16:08:08'),
(310,'ZDDPB07M515QTJL',20,90761,'2025-09-11 16:08:08'),
(311,'ZDDPB07M6168QDK',45,76763,'2025-09-11 16:08:08'),
(312,'ZDDPB07M6168RVA',11,169249,'2025-09-11 16:08:08'),
(313,'ZDDPB07M616B4FE',29,73657,'2025-09-11 16:08:08'),
(314,'ZDDPB07M616B50H',28,68217,'2025-09-11 16:08:08'),
(315,'ZDDPB07M616B5DH',26,132845,'2025-09-11 16:08:08'),
(316,'ZDDPB07M616B5PH',27,146353,'2025-09-11 16:08:08'),
(317,'ZDDPB07M616B6PW',39,94615,'2025-09-11 16:08:08'),
(318,'ZDDPB07M616B6VW',35,54596,'2025-09-11 16:08:08'),
(319,'ZDDPB07M616B6WW',19,144491,'2025-09-11 16:08:08'),
(320,'ZDDPB07M616B8MZ',37,37634,'2025-09-11 16:08:08'),
(321,'ZDDPB07M616B9YP',35,90018,'2025-09-11 16:08:08'),
(322,'ZDDPB07M616BC7M',34,14163,'2025-09-11 16:08:08'),
(323,'ZDDPB07M616BCFM',19,132989,'2025-09-11 16:08:08'),
(324,'ZDDPB07M716CNLX',6,95565,'2025-09-11 16:08:08'),
(325,'ZDDPB07M716CNNX',2,148183,'2025-09-11 16:08:08'),
(326,'ZDDPB07M716CP5F',20,21481,'2025-09-11 16:08:08'),
(327,'ZDDPB07M716CQDJ',39,156723,'2025-09-11 16:08:08'),
(328,'ZDDPB07M716CREV',19,263533,'2025-09-11 16:08:08'),
(329,'ZDDPB07M716CT2Y',23,141980,'2025-09-11 16:08:08'),
(330,'ZDDPB07M716CTQY',37,29843,'2025-09-11 16:08:08'),
(331,'ZDDPB07M716CTZY',4,131694,'2025-09-11 16:08:08'),
(332,'ZDDPB07M716CVKDX',4,36434,'2025-09-11 16:08:08'),
(333,'ZDDPB07M716CVPD',29,107577,'2025-09-11 16:08:08'),
(334,'ZDDPB07M716CVXD',9,116292,'2025-09-11 16:08:08'),
(335,'ZDDPB07M716CW1E',21,128608,'2025-09-11 16:08:08'),
(336,'ZDDPB07M716CX1H',2,131009,'2025-09-11 16:08:08'),
(337,'ZDDPB07M716CXRH',7,185315,'2025-09-11 16:08:08'),
(338,'ZDDPB07M716CYWW',30,59510,'2025-09-11 16:08:08'),
(339,'ZDDPB07M716CZ1T',13,127048,'2025-09-11 16:08:08'),
(340,'ZDDPB07M716CZET',9,63933,'2025-09-11 16:08:08'),
(341,'ZDDPB07M716CZHTX',13,25664,'2025-09-11 16:08:08'),
(342,'ZDDPB07M716CZST',30,71806,'2025-09-11 16:08:08'),
(343,'ZDDPB07M716D00N',26,47110,'2025-09-11 16:08:08'),
(344,'ZDDPB07M716D2GM',28,191351,'2025-09-11 16:08:08'),
(345,'ZDDPB07M716D2RM',10,200562,'2025-09-11 16:08:08'),
(346,'ZDDPB07M716D2WM',27,91956,'2025-09-11 16:08:08'),
(347,'ZDDPB07M716D3BL',8,237038,'2025-09-11 16:08:08'),
(348,'ZDDPB07M716DERH',19,161594,'2025-09-11 16:08:08'),
(349,'ZDDPB07M716DETH',21,128467,'2025-09-11 16:08:08'),
(350,'ZDDPB07M716DF0W',23,35760,'2025-09-11 16:08:08'),
(351,'ZDDPB07M716DF2W',3,84893,'2025-09-11 16:08:08'),
(352,'ZDDPB07M716DN0L',8,119755,'2025-09-11 16:08:08'),
(353,'ZDDPB07M716DP0K',11,67404,'2025-09-11 16:08:08'),
(354,'ZDDPB07M716DQNA',5,173037,'2025-09-11 16:08:08'),
(355,'ZDDPB07M716HGMK',45,182695,'2025-09-11 16:08:08'),
(356,'ZDEJB07M545T5QH',15,117931,'2025-09-11 16:08:08'),
(357,'ZDEJB07M545TG7X',24,142321,'2025-09-11 16:08:08'),
(358,'ZDEJB07M926YQPD',45,4208,'2025-09-11 16:08:08'),
(359,'ZDEJB07MA1740AV',4,81541,'2025-09-11 16:08:08'),
(360,'ZEQYBQAD800465L',5,184342,'2025-09-11 16:08:08'),
(361,'ZEQYBQAFA002ZLW',10,107085,'2025-09-11 16:08:08'),
(362,'ZER4BQADA01350E',5,87915,'2025-09-11 16:08:08'),
(363,'ZER4BQADA01355M',39,146740,'2025-09-11 16:08:08'),
(364,'ZER4BQADA01355MX',3,352429,'2025-09-11 16:08:08'),
(365,'5BT795377',3,46456,'2025-09-12 11:37:11'),
(366,'BRB7MB824Z',23,50844,'2025-09-12 11:37:11'),
(367,'BRBSQ9906Z',25,19675,'2025-09-12 11:37:11'),
(368,'BRBSQ99085',38,9416,'2025-09-12 11:37:11'),
(369,'BRBSQ990K7',38,23680,'2025-09-12 11:37:11'),
(370,'BRBSQ990M5',25,12722,'2025-09-12 11:37:11'),
(371,'BRBSQ990MZ',35,1125,'2025-09-12 11:37:11'),
(372,'BRBSQ9H0B1',50,12735,'2025-09-12 11:37:11'),
(373,'BRBSQ9P06Q',51,29472,'2025-09-12 11:37:11'),
(374,'BRBSQC00ZR',51,7024,'2025-09-12 11:37:11'),
(375,'BRBSS7S029',12,975,'2025-09-12 11:37:11'),
(376,'BRBSS9L0HT',35,4947,'2025-09-12 11:37:11'),
(377,'BRDSQB20CJ',50,4341,'2025-09-12 11:37:11'),
(378,'BRDSQB3003',26,4333,'2025-09-12 11:37:11'),
(379,'BRDSQB3040',53,12788,'2025-09-12 11:37:11'),
(380,'BRDSQB30GH',16,899,'2025-09-12 11:37:11'),
(381,'BRDSQB603X',12,9870,'2025-09-12 11:37:11'),
(382,'ZDDPB07K7137F2Y',15,63828,'2025-09-12 11:37:11'),
(383,'ZDDPB07M515Q8SL',45,56838,'2025-09-12 11:37:11'),
(384,'ZDDPB07M515QTJL',20,90803,'2025-09-12 11:37:11'),
(385,'ZDDPB07M6168QDK',45,76811,'2025-09-12 11:37:11'),
(386,'ZDDPB07M6168RVA',11,169291,'2025-09-12 11:37:11'),
(387,'ZDDPB07M616B4FE',29,73681,'2025-09-12 11:37:11'),
(388,'ZDDPB07M616B50H',28,68273,'2025-09-12 11:37:11'),
(389,'ZDDPB07M616B54H',34,59439,'2025-09-12 11:37:11'),
(390,'ZDDPB07M616B5DH',26,132871,'2025-09-12 11:37:11'),
(391,'ZDDPB07M616B5PH',27,146464,'2025-09-12 11:37:11'),
(392,'ZDDPB07M616B6PW',39,94683,'2025-09-12 11:37:12'),
(393,'ZDDPB07M616B6VW',35,54644,'2025-09-12 11:37:12'),
(394,'ZDDPB07M616B6WW',19,144497,'2025-09-12 11:37:12'),
(395,'ZDDPB07M616B8MZ',37,37652,'2025-09-12 11:37:12'),
(396,'ZDDPB07M616B9YP',35,90029,'2025-09-12 11:37:12'),
(397,'ZDDPB07M616BC7M',34,14191,'2025-09-12 11:37:12'),
(398,'ZDDPB07M616BCFM',19,132993,'2025-09-12 11:37:12'),
(399,'ZDDPB07M716CNLX',6,95595,'2025-09-12 11:37:12'),
(400,'ZDDPB07M716CNNX',2,148211,'2025-09-12 11:37:12'),
(401,'ZDDPB07M716CP5F',20,21482,'2025-09-12 11:37:12'),
(402,'ZDDPB07M716CQDJ',39,156735,'2025-09-12 11:37:12'),
(403,'ZDDPB07M716CREV',19,263547,'2025-09-12 11:37:12'),
(404,'ZDDPB07M716CT2Y',23,142007,'2025-09-12 11:37:12'),
(405,'ZDDPB07M716CTQY',37,29860,'2025-09-12 11:37:12'),
(406,'ZDDPB07M716CVKDX',4,36454,'2025-09-12 11:37:12'),
(407,'ZDDPB07M716CVPD',29,107600,'2025-09-12 11:37:12'),
(408,'ZDDPB07M716CVXD',9,116343,'2025-09-12 11:37:12'),
(409,'ZDDPB07M716CW1E',21,128672,'2025-09-12 11:37:12'),
(410,'ZDDPB07M716CX1H',2,131041,'2025-09-12 11:37:12'),
(411,'ZDDPB07M716CXRH',7,185316,'2025-09-12 11:37:12'),
(412,'ZDDPB07M716CYWW',30,59549,'2025-09-12 11:37:12'),
(413,'ZDDPB07M716CZ1T',13,127052,'2025-09-12 11:37:12'),
(414,'ZDDPB07M716CZET',9,63947,'2025-09-12 11:37:12'),
(415,'ZDDPB07M716CZHTX',13,25823,'2025-09-12 11:37:12'),
(416,'ZDDPB07M716CZST',30,71816,'2025-09-12 11:37:12'),
(417,'ZDDPB07M716D00N',26,47115,'2025-09-12 11:37:12'),
(418,'ZDDPB07M716D2GM',28,191395,'2025-09-12 11:37:12'),
(419,'ZDDPB07M716D2RM',10,200625,'2025-09-12 11:37:12'),
(420,'ZDDPB07M716D2WM',27,91956,'2025-09-12 11:37:12'),
(421,'ZDDPB07M716D3BL',8,237069,'2025-09-12 11:37:12'),
(422,'ZDDPB07M716DERH',19,161634,'2025-09-12 11:37:12'),
(423,'ZDDPB07M716DETH',21,128518,'2025-09-12 11:37:12'),
(424,'ZDDPB07M716DF0W',23,35766,'2025-09-12 11:37:12'),
(425,'ZDDPB07M716DF2W',3,84900,'2025-09-12 11:37:12'),
(426,'ZDDPB07M716DN0L',8,119787,'2025-09-12 11:37:12'),
(427,'ZDDPB07M716DP0K',11,67475,'2025-09-12 11:37:12'),
(428,'ZDDPB07M716DQNA',5,173072,'2025-09-12 11:37:12'),
(429,'ZDDPB07M716HGMK',45,182765,'2025-09-12 11:37:12'),
(430,'ZDEJB07M545T5QH',15,117948,'2025-09-12 11:37:12'),
(431,'ZDEJB07M545TG7X',24,142365,'2025-09-12 11:37:12'),
(432,'ZDEJB07M926YQPD',45,4208,'2025-09-12 11:37:12'),
(433,'ZDEJB07MA1740AV',4,81584,'2025-09-12 11:37:12'),
(434,'ZEQYBQAD800465L',5,184410,'2025-09-12 11:37:12'),
(435,'ZEQYBQAD801381X',3,284359,'2025-09-12 11:37:12'),
(436,'ZEQYBQAFA002ZLW',10,107143,'2025-09-12 11:37:12'),
(437,'ZER4BQADA01350E',5,87927,'2025-09-12 11:37:12'),
(438,'ZER4BQADA01355M',39,146788,'2025-09-12 11:37:12'),
(439,'ZER4BQADA01355MX',3,352474,'2025-09-12 11:37:12'),
(440,'5BT795377',3,46456,'2025-09-12 11:56:45'),
(441,'BRB7MB824Z',23,50844,'2025-09-12 11:56:45'),
(442,'BRBSQ9906Z',25,19677,'2025-09-12 11:56:45'),
(443,'BRBSQ99085',38,9418,'2025-09-12 11:56:45'),
(444,'BRBSQ990K7',38,23682,'2025-09-12 11:56:45'),
(445,'BRBSQ990M5',25,12722,'2025-09-12 11:56:45'),
(446,'BRBSQ990MZ',35,1125,'2025-09-12 11:56:45'),
(447,'BRBSQ9H0B1',50,12735,'2025-09-12 11:56:45'),
(448,'BRBSQ9P06Q',51,29473,'2025-09-12 11:56:45'),
(449,'BRBSQC00ZR',51,7024,'2025-09-12 11:56:45'),
(450,'BRBSS7S029',12,975,'2025-09-12 11:56:45'),
(451,'BRBSS9L0HT',35,4947,'2025-09-12 11:56:45'),
(452,'BRDSQB20CJ',50,4341,'2025-09-12 11:56:45'),
(453,'BRDSQB3003',26,4333,'2025-09-12 11:56:45'),
(454,'BRDSQB3040',53,12788,'2025-09-12 11:56:45'),
(455,'BRDSQB30GH',16,899,'2025-09-12 11:56:45'),
(456,'BRDSQB603X',12,9870,'2025-09-12 11:56:45'),
(457,'ZDDPB07K7137F2Y',15,63828,'2025-09-12 11:56:45'),
(458,'ZDDPB07M515Q8SL',45,56838,'2025-09-12 11:56:45'),
(459,'ZDDPB07M515QTJL',20,90804,'2025-09-12 11:56:45'),
(460,'ZDDPB07M6168QDK',45,76814,'2025-09-12 11:56:45'),
(461,'ZDDPB07M6168RVA',11,169292,'2025-09-12 11:56:45'),
(462,'ZDDPB07M616B4FE',29,73682,'2025-09-12 11:56:45'),
(463,'ZDDPB07M616B50H',28,68273,'2025-09-12 11:56:45'),
(464,'ZDDPB07M616B54H',34,59439,'2025-09-12 11:56:45'),
(465,'ZDDPB07M616B5DH',26,132876,'2025-09-12 11:56:45'),
(466,'ZDDPB07M616B5PH',27,146472,'2025-09-12 11:56:45'),
(467,'ZDDPB07M616B6PW',39,94686,'2025-09-12 11:56:45'),
(468,'ZDDPB07M616B6VW',35,54645,'2025-09-12 11:56:45'),
(469,'ZDDPB07M616B6WW',19,144497,'2025-09-12 11:56:45'),
(470,'ZDDPB07M616B8MZ',37,37653,'2025-09-12 11:56:45'),
(471,'ZDDPB07M616B9YP',35,90030,'2025-09-12 11:56:45'),
(472,'ZDDPB07M616BC7M',34,14197,'2025-09-12 11:56:45'),
(473,'ZDDPB07M616BCFM',19,132994,'2025-09-12 11:56:45'),
(474,'ZDDPB07M716CNLX',6,95595,'2025-09-12 11:56:45'),
(475,'ZDDPB07M716CNNX',2,148216,'2025-09-12 11:56:45'),
(476,'ZDDPB07M716CP5F',20,21482,'2025-09-12 11:56:45'),
(477,'ZDDPB07M716CQDJ',39,156735,'2025-09-12 11:56:45'),
(478,'ZDDPB07M716CREV',19,263548,'2025-09-12 11:56:46'),
(479,'ZDDPB07M716CT2Y',23,142012,'2025-09-12 11:56:46'),
(480,'ZDDPB07M716CTQY',37,29860,'2025-09-12 11:56:46'),
(481,'ZDDPB07M716CVKDX',4,36454,'2025-09-12 11:56:46'),
(482,'ZDDPB07M716CVPD',29,107600,'2025-09-12 11:56:46'),
(483,'ZDDPB07M716CVXD',9,116344,'2025-09-12 11:56:46'),
(484,'ZDDPB07M716CW1E',21,128672,'2025-09-12 11:56:46'),
(485,'ZDDPB07M716CX1H',2,131041,'2025-09-12 11:56:46'),
(486,'ZDDPB07M716CXRH',7,185317,'2025-09-12 11:56:46'),
(487,'ZDDPB07M716CYWW',30,59552,'2025-09-12 11:56:46'),
(488,'ZDDPB07M716CZ1T',13,127052,'2025-09-12 11:56:46'),
(489,'ZDDPB07M716CZET',9,63947,'2025-09-12 11:56:46'),
(490,'ZDDPB07M716CZHTX',13,25828,'2025-09-12 11:56:46'),
(491,'ZDDPB07M716CZST',30,71816,'2025-09-12 11:56:46'),
(492,'ZDDPB07M716D00N',26,47118,'2025-09-12 11:56:46'),
(493,'ZDDPB07M716D2GM',28,191395,'2025-09-12 11:56:46'),
(494,'ZDDPB07M716D2RM',10,200628,'2025-09-12 11:56:46'),
(495,'ZDDPB07M716D2WM',27,91956,'2025-09-12 11:56:46'),
(496,'ZDDPB07M716D3BL',8,237069,'2025-09-12 11:56:46'),
(497,'ZDDPB07M716DERH',19,161634,'2025-09-12 11:56:46'),
(498,'ZDDPB07M716DETH',21,128535,'2025-09-12 11:56:46'),
(499,'ZDDPB07M716DF0W',23,35766,'2025-09-12 11:56:46'),
(500,'ZDDPB07M716DF2W',3,84900,'2025-09-12 11:56:46'),
(501,'ZDDPB07M716DN0L',8,119788,'2025-09-12 11:56:46'),
(502,'ZDDPB07M716DP0K',11,67476,'2025-09-12 11:56:46'),
(503,'ZDDPB07M716DQNA',5,173072,'2025-09-12 11:56:46'),
(504,'ZDDPB07M716HGMK',45,182765,'2025-09-12 11:56:46'),
(505,'ZDEJB07M545T5QH',15,117948,'2025-09-12 11:56:46'),
(506,'ZDEJB07M545TG7X',24,142375,'2025-09-12 11:56:46'),
(507,'ZDEJB07M926YQPD',45,4208,'2025-09-12 11:56:46'),
(508,'ZDEJB07MA1740AV',4,81586,'2025-09-12 11:56:46'),
(509,'ZEQYBQAD800465L',5,184416,'2025-09-12 11:56:46'),
(510,'ZEQYBQAD801381X',3,284368,'2025-09-12 11:56:46'),
(511,'ZEQYBQAFA002ZLW',10,107145,'2025-09-12 11:56:46'),
(512,'ZER4BQADA01350E',5,87927,'2025-09-12 11:56:46'),
(513,'ZER4BQADA01355M',39,146793,'2025-09-12 11:56:46'),
(514,'ZER4BQADA01355MX',3,352475,'2025-09-12 11:56:46');
/*!40000 ALTER TABLE `contadores_mensais` ENABLE KEYS */;
UNLOCK TABLES;

--
-- Table structure for table `filiais`
--

DROP TABLE IF EXISTS `filiais`;
/*!40101 SET @saved_cs_client     = @@character_set_client */;
/*!40101 SET character_set_client = utf8mb4 */;
CREATE TABLE `filiais` (
  `id` int(11) NOT NULL,
  `nome` varchar(50) NOT NULL,
  PRIMARY KEY (`id`),
  UNIQUE KEY `id` (`id`),
  UNIQUE KEY `nome` (`nome`)
) ENGINE=InnoDB DEFAULT CHARSET=utf8mb4 COLLATE=utf8mb4_general_ci;
/*!40101 SET character_set_client = @saved_cs_client */;

--
-- Dumping data for table `filiais`
--

LOCK TABLES `filiais` WRITE;
/*!40000 ALTER TABLE `filiais` DISABLE KEYS */;
INSERT INTO `filiais` VALUES
(28,'Araçatuba'),
(15,'Araraquara'),
(2,'Araras'),
(11,'Assis'),
(24,'Avare'),
(38,'Bandeirantes'),
(10,'Barra Bonita'),
(55,'Bragancia'),
(35,'Catanduva'),
(3,'Cerquilho'),
(52,'Cerquilho Central E'),
(5,'Charqueada'),
(9,'Chavantes'),
(4,'Cosmopolis'),
(41,'Costa Rica'),
(25,'Dourados'),
(34,'Goiatuba'),
(21,'Igarapava'),
(6,'Iracemapolis'),
(27,'Itapetininga'),
(45,'Itapeva'),
(20,'Jatai'),
(1,'Matriz'),
(16,'Matriz Implementos'),
(7,'Nova Odessa'),
(13,'Penapolis'),
(19,'Piracicaba UDG'),
(37,'Pirajuba'),
(26,'Quirinopolis'),
(22,'Ribeirão Preto'),
(12,'Rio Claro'),
(8,'Santa Cruz'),
(29,'São José do Rio Preto'),
(39,'Taquarituba'),
(50,'Taquarituba Khun'),
(30,'Tiete'),
(51,'Tupaciguara'),
(23,'Uberaba'),
(53,'Uberaba UDG');
/*!40000 ALTER TABLE `filiais` ENABLE KEYS */;
UNLOCK TABLES;

--
-- Table structure for table `impressora_filial`
--

DROP TABLE IF EXISTS `impressora_filial`;
/*!40101 SET @saved_cs_client     = @@character_set_client */;
/*!40101 SET character_set_client = utf8mb4 */;
CREATE TABLE `impressora_filial` (
  `id` int(11) NOT NULL AUTO_INCREMENT,
  `num_serie` varchar(50) NOT NULL,
  `filial_id` int(11) NOT NULL,
  `posicao` varchar(20) DEFAULT NULL,
  `data_vinculo` datetime NOT NULL DEFAULT current_timestamp(),
  `status` varchar(20) DEFAULT 'Ativo',
  `observacoes` text DEFAULT NULL,
  PRIMARY KEY (`id`),
  KEY `impressora_filial_ibfk_2` (`filial_id`),
  KEY `impressora_filial_ibfk_1` (`num_serie`),
  CONSTRAINT `impressora_filial_ibfk_1` FOREIGN KEY (`num_serie`) REFERENCES `impressoras` (`num_serie`) ON DELETE CASCADE ON UPDATE CASCADE,
  CONSTRAINT `impressora_filial_ibfk_2` FOREIGN KEY (`filial_id`) REFERENCES `filiais` (`id`) ON DELETE CASCADE ON UPDATE CASCADE
) ENGINE=InnoDB AUTO_INCREMENT=76 DEFAULT CHARSET=utf8mb4 COLLATE=utf8mb4_general_ci;
/*!40101 SET character_set_client = @saved_cs_client */;

--
-- Dumping data for table `impressora_filial`
--

LOCK TABLES `impressora_filial` WRITE;
/*!40000 ALTER TABLE `impressora_filial` DISABLE KEYS */;
INSERT INTO `impressora_filial` VALUES
(1,'5BT795377',3,NULL,'2025-08-11 16:28:02','Ativo',NULL),
(2,'BRB7MB824Z',23,NULL,'2025-08-11 16:28:03','Ativo',NULL),
(3,'BRBSQ9906Z',25,NULL,'2025-08-11 16:28:03','Ativo',NULL),
(4,'BRBSQ99085',38,NULL,'2025-08-11 16:28:03','Ativo',NULL),
(5,'BRBSQ9908P',25,NULL,'2025-08-11 16:28:03','Ativo',NULL),
(6,'BRBSQ990K7',38,NULL,'2025-08-11 16:28:03','Ativo',NULL),
(7,'BRBSQ990M5',25,NULL,'2025-08-11 16:28:03','Ativo',NULL),
(8,'BRBSQ990MZ',35,NULL,'2025-08-11 16:28:03','Ativo',NULL),
(9,'BRBSQ9H0B1',50,NULL,'2025-08-11 16:28:03','Ativo',NULL),
(10,'BRBSQ9P06Q',51,NULL,'2025-08-11 16:28:03','Ativo',NULL),
(11,'BRBSQC00ZR',51,NULL,'2025-08-11 16:28:03','Ativo',NULL),
(12,'BRBSS7S029',12,NULL,'2025-08-11 16:28:03','Ativo',NULL),
(13,'BRBSS9L0HT',35,NULL,'2025-08-11 16:28:03','Ativo',NULL),
(14,'BRDSQB20CJ',50,NULL,'2025-08-11 16:28:03','Ativo',NULL),
(15,'BRDSQB3003',26,NULL,'2025-08-11 16:28:03','Ativo',NULL),
(16,'BRDSQB303W',12,NULL,'2025-08-11 16:28:03','Ativo',NULL),
(17,'BRDSQB3040',53,NULL,'2025-08-11 16:28:03','Ativo',NULL),
(18,'BRDSQB309C',53,NULL,'2025-08-11 16:28:03','Ativo',NULL),
(19,'BRDSQB603X',12,NULL,'2025-08-11 16:28:03','Ativo',NULL),
(20,'ZDDPB07M515Q8SL',45,NULL,'2025-08-11 16:28:03','Ativo',NULL),
(21,'ZDDPB07M515QTJL',20,NULL,'2025-08-11 16:28:03','Ativo',NULL),
(22,'ZDDPB07M6168QDK',45,NULL,'2025-08-11 16:28:03','Ativo',NULL),
(23,'ZDDPB07M6168RVA',11,NULL,'2025-08-11 16:28:03','Ativo',NULL),
(24,'ZDDPB07M616B4FE',29,NULL,'2025-08-11 16:28:03','Ativo',NULL),
(25,'ZDDPB07M616B50H',28,NULL,'2025-08-11 16:28:03','Ativo',NULL),
(26,'ZDDPB07M616B5DH',26,NULL,'2025-08-11 16:28:03','Ativo',NULL),
(27,'ZDDPB07M616B5PH',27,NULL,'2025-08-11 16:28:03','Ativo',NULL),
(28,'ZDDPB07M616B6PW',39,NULL,'2025-08-11 16:28:03','Ativo',NULL),
(29,'ZDDPB07M616B6VW',35,NULL,'2025-08-11 16:28:03','Ativo',NULL),
(30,'ZDDPB07M616B8MZ',37,NULL,'2025-08-11 16:28:03','Ativo',NULL),
(31,'ZDDPB07M616B8PZ',41,NULL,'2025-08-11 16:28:03','Ativo',NULL),
(32,'ZDDPB07M616BC7M',34,NULL,'2025-08-11 16:28:03','Ativo',NULL),
(33,'ZDDPB07M616BCFM',19,NULL,'2025-08-11 16:28:03','Ativo',NULL),
(34,'ZDDPB07M616BCGM',15,NULL,'2025-08-11 16:28:03','Ativo',NULL),
(35,'ZDDPB07M716CNLX',6,NULL,'2025-08-11 16:28:03','Ativo',NULL),
(36,'ZDDPB07M716CNNX',2,NULL,'2025-08-11 16:28:03','Ativo',NULL),
(37,'ZDDPB07M716CP5F',20,NULL,'2025-08-11 16:28:03','Ativo',NULL),
(38,'ZDDPB07M716CQDJ',39,NULL,'2025-08-11 16:28:03','Ativo',NULL),
(39,'ZDDPB07M716CREV',19,NULL,'2025-08-11 16:28:03','Ativo',NULL),
(40,'ZDDPB07M716CT2Y',23,NULL,'2025-08-11 16:28:03','Ativo',NULL),
(41,'ZDDPB07M716CTQY',37,NULL,'2025-08-11 16:28:03','Ativo',NULL),
(42,'ZDDPB07M716CTZY',4,NULL,'2025-08-11 16:28:03','Ativo',NULL),
(43,'ZDDPB07M716CVKDX',4,NULL,'2025-08-11 16:28:03','Ativo',NULL),
(44,'ZDDPB07M716CVPD',29,NULL,'2025-08-11 16:28:03','Ativo',NULL),
(45,'ZDDPB07M716CVXD',9,NULL,'2025-08-11 16:28:03','Ativo',NULL),
(46,'ZDDPB07M716CW1E',21,NULL,'2025-08-11 16:28:03','Ativo',NULL),
(47,'ZDDPB07M716CYWW',30,NULL,'2025-08-11 16:28:03','Ativo',NULL),
(48,'ZDDPB07M716CZ1T',13,NULL,'2025-08-11 16:28:03','Ativo',NULL),
(49,'ZDDPB07M716CZET',9,NULL,'2025-08-11 16:28:03','Ativo',NULL),
(50,'ZDDPB07M716CZHTX',13,NULL,'2025-08-11 16:28:03','Ativo',NULL),
(51,'ZDDPB07M716CZST',30,NULL,'2025-08-11 16:28:03','Ativo',NULL),
(52,'ZDDPB07M716D00N',26,NULL,'2025-08-11 16:28:03','Ativo',NULL),
(53,'ZDDPB07M716D2GM',28,NULL,'2025-08-11 16:28:03','Ativo',NULL),
(54,'ZDDPB07M716D2RM',10,NULL,'2025-08-11 16:28:03','Ativo',NULL),
(55,'ZDDPB07M716D2WM',27,NULL,'2025-08-11 16:28:03','Ativo',NULL),
(56,'ZDDPB07M716D3BL',8,NULL,'2025-08-11 16:28:03','Ativo',NULL),
(57,'ZDDPB07M716DERH',19,NULL,'2025-08-11 16:28:03','Ativo',NULL),
(58,'ZDDPB07M716DETH',21,NULL,'2025-08-11 16:28:03','Ativo',NULL),
(59,'ZDDPB07M716DF0W',23,NULL,'2025-08-11 16:28:03','Ativo',NULL),
(60,'ZDDPB07M716DF2W',3,NULL,'2025-08-11 16:28:03','Ativo',NULL),
(61,'ZDDPB07M716DN0L',8,NULL,'2025-08-11 16:28:03','Ativo',NULL),
(62,'ZDDPB07M716DP0K',11,NULL,'2025-08-11 16:28:03','Ativo',NULL),
(63,'ZDDPB07M716DQNA',5,NULL,'2025-08-11 16:28:03','Ativo',NULL),
(64,'ZDDPB07M716HGFK',7,NULL,'2025-08-11 16:28:03','Ativo',NULL),
(65,'ZDDPB07M716HGMK',45,NULL,'2025-08-11 16:28:03','Ativo',NULL),
(66,'ZDEJB07M545T3BD',24,NULL,'2025-08-11 16:28:03','Ativo',NULL),
(67,'ZDEJB07M545T5QH',15,NULL,'2025-08-11 16:28:03','Ativo',NULL),
(68,'ZDEJB07M926YQPD',45,NULL,'2025-08-11 16:28:03','Ativo',NULL),
(69,'ZDEJB07MA1740AV',4,NULL,'2025-08-11 16:28:03','Ativo',NULL),
(70,'ZEQYBQAD800465L',5,NULL,'2025-08-11 16:28:03','Ativo',NULL),
(71,'ZEQYBQAD801381X',3,NULL,'2025-08-11 16:28:03','Ativo',NULL),
(72,'ZEQYBQAFA002ZLW',10,NULL,'2025-08-11 16:28:03','Ativo',NULL),
(73,'ZER4BQADA01350E',5,NULL,'2025-08-11 16:28:03','Ativo',NULL),
(74,'ZER4BQADA01355M',39,NULL,'2025-08-11 16:28:03','Ativo',NULL),
(75,'ZER4BQADA01355MX',3,NULL,'2025-08-11 16:28:03','Ativo',NULL);
/*!40000 ALTER TABLE `impressora_filial` ENABLE KEYS */;
UNLOCK TABLES;

--
-- Table structure for table `impressoras`
--

DROP TABLE IF EXISTS `impressoras`;
/*!40101 SET @saved_cs_client     = @@character_set_client */;
/*!40101 SET character_set_client = utf8mb4 */;
CREATE TABLE `impressoras` (
  `num_serie` varchar(50) NOT NULL,
  `modelo` varchar(50) NOT NULL,
  `tipo` varchar(7) DEFAULT NULL,
  `ip` varchar(18) DEFAULT NULL,
  `status` varchar(20) DEFAULT 'Ativo',
  `conexao` enum('USB','IP') NOT NULL,
  `ult_alteracao` datetime DEFAULT current_timestamp() ON UPDATE current_timestamp(),
  PRIMARY KEY (`num_serie`),
  UNIQUE KEY `num_serie` (`num_serie`),
  UNIQUE KEY `ip` (`ip`),
  UNIQUE KEY `ip_2` (`ip`),
  CONSTRAINT `chk_usb_ip` CHECK (`conexao` = 'USB' and `ip` is null or `conexao` <> 'USB')
) ENGINE=InnoDB DEFAULT CHARSET=utf8mb4 COLLATE=utf8mb4_general_ci;
/*!40101 SET character_set_client = @saved_cs_client */;

--
-- Dumping data for table `impressoras`
--

LOCK TABLES `impressoras` WRITE;
/*!40000 ALTER TABLE `impressoras` DISABLE KEYS */;
INSERT INTO `impressoras` VALUES
('5BT795377','Xerox WorkCentre 3335','Laser','10.0.3.51','Ativo','IP','2025-09-12 11:52:02'),
('BRB7MB824Z','Samsung M332x 382x 402x Series','Laser','10.0.23.52','Ativo','IP','2025-09-12 11:52:02'),
('BRBSP4613F','HP LaserJet MFP E42540','Laser','192.168.50.89','Ativo','IP','2025-09-08 13:26:42'),
('BRBSQ9906Z','HP LaserJet Pro MFP 4103fdw','Laser','10.0.25.50','Ativo','IP','2025-09-12 11:52:02'),
('BRBSQ99085','HP LaserJet Pro MFP 4103fdw','Laser','10.0.38.52','Ativo','IP','2025-09-12 11:52:02'),
('BRBSQ9908P','HP LaserJet Pro MFP 4103fdw','Laser','10.0.25.51','Offline','IP','2025-09-12 11:52:02'),
('BRBSQ990K7','HP LaserJet Pro MFP 4103fdw','Laser','10.0.38.50','Ativo','IP','2025-09-12 11:52:02'),
('BRBSQ990M5','HP LaserJet Pro MFP 4103fdw','Laser','10.0.25.53','Ativo','IP','2025-09-12 11:52:02'),
('BRBSQ990MZ','HP LaserJet Pro MFP 4103fdw','Laser','10.0.35.53','Ativo','IP','2025-09-12 11:52:02'),
('BRBSQ9D0M4','nan','Laser',NULL,'Ativo','USB','2025-09-08 13:26:42'),
('BRBSQ9H0B1','HP LaserJet Pro MFP 4103fdw','Laser','10.0.50.50','Ativo','IP','2025-09-12 11:52:02'),
('BRBSQ9P06Q','HP LaserJet Pro MFP 4103fdw','Laser','10.0.51.50','Ativo','IP','2025-09-12 11:52:02'),
('BRBSQC00NM','HP LaserJet Pro 4003dw','Laser','192.168.50.38','Ativo','IP','2025-09-08 13:26:42'),
('BRBSQC00ZR','HP LaserJet Pro 4003dw','Laser','10.0.51.52','Ativo','IP','2025-09-12 11:52:02'),
('BRBSS440D2','nan','Laser','192.168.50.41','Ativo','IP','2025-09-08 13:26:42'),
('BRBSS7S029','HP LaserJet MFP E42540','Laser','10.0.12.52','Ativo','IP','2025-09-12 11:52:02'),
('BRBSS9L0HT','HP LaserJet MFP E42540','Laser','10.0.35.52','Ativo','IP','2025-09-12 11:52:02'),
('BRDSQB20CJ','HP LaserJet Pro MFP M428fdw','Laser','10.0.50.51','Ativo','IP','2025-09-12 11:52:02'),
('BRDSQB3003','HP LaserJet Pro MFP M428fdw','Laser','10.0.26.53','Ativo','IP','2025-09-12 11:52:02'),
('BRDSQB303W','HP LaserJet Pro MFP M428fdw','Laser','10.0.12.53','Offline','IP','2025-09-12 11:52:02'),
('BRDSQB3040','HP LaserJet Pro MFP M428fdw','Laser','10.0.53.50','Ativo','IP','2025-09-12 11:52:02'),
('BRDSQB309C','HP LaserJet Pro MFP M428fdw','Laser','10.0.53.51','Offline','IP','2025-09-12 11:52:02'),
('BRDSQB30GH','HP LaserJet Pro MFP M428fdw','Laser','10.0.16.59','Ativo','IP','2025-09-12 11:52:02'),
('BRDSQB603X','HP LaserJet Pro MFP M428fdw','Laser','10.0.12.54','Ativo','IP','2025-09-12 11:52:02'),
('BRDSQB606S','HP LaserJet Pro MFP M428fdw','Laser','192.168.50.96','Ativo','IP','2025-09-08 13:26:42'),
('CNCRQ6D04M','HP Color LaserJet Pro MFP M479fdw','Laser','192.168.50.46','Ativo','IP','2025-09-08 13:26:42'),
('D5J224900896','ZD230','Térmica','192.168.50.62','Ativo','IP','2025-09-08 13:26:42'),
('D5N213800657','ZD230','Térmica','10.0.21.55','Ativo','IP','2025-09-08 13:26:42'),
('D5N213800711','ZD230','Térmica','10.0.44.55','Ativo','IP','2025-09-08 13:26:42'),
('D5N213800715','ZD230','Térmica',NULL,'Ativo','USB','2025-09-08 13:26:42'),
('D5N213800720','ZD230','Térmica','192.168.50.54','Ativo','IP','2025-09-08 13:26:42'),
('D5N213800728','ZD230','Térmica','10.0.7.55','Ativo','IP','2025-09-08 13:26:42'),
('D5N213800779','ZD230','Térmica','10.0.8.56','Ativo','IP','2025-09-08 13:26:42'),
('D5N213800788','ZD230','Térmica','10.0.37.55','Ativo','IP','2025-09-08 13:26:42'),
('D5N213800880','ZD230','Térmica','10.0.39.56','Ativo','IP','2025-09-08 13:26:42'),
('D5N213800957','ZD230','Térmica','10.0.29.55','Ativo','IP','2025-09-08 13:26:42'),
('D5N213800985','ZD230','Térmica','10.0.15.55','Ativo','IP','2025-09-08 13:26:42'),
('D5N213801090','ZD230','Térmica','10.0.23.55','Ativo','IP','2025-09-08 13:26:42'),
('D5N213801092','ZD230','Térmica','10.0.4.53','Ativo','IP','2025-09-08 13:26:42'),
('D5N213801098','ZD230','Térmica','10.0.6.56','Ativo','IP','2025-09-08 13:26:42'),
('D5N213801102','ZD230','Térmica','10.0.9.55','Ativo','IP','2025-09-08 13:26:42'),
('D5N213801117','ZD230','Térmica',NULL,'Ativo','USB','2025-09-08 13:26:42'),
('D5N213801119','ZD230','Térmica','10.0.41.55','Ativo','IP','2025-09-08 13:26:42'),
('D5N213801123','ZD230','Térmica','10.0.5.55','Ativo','IP','2025-09-08 13:26:42'),
('D5N213801127','ZD230','Térmica','10.0.2.56','Ativo','IP','2025-09-08 13:26:42'),
('D5N213801133','ZD230','Térmica',NULL,'Ativo','USB','2025-09-08 13:26:42'),
('D5N213801136','ZD230','Térmica','10.0.20.55','Ativo','IP','2025-09-08 13:26:42'),
('D5N213801139','ZD230','Térmica','10.0.10.55','Ativo','IP','2025-09-08 13:26:42'),
('D5N213801150','ZD230','Térmica','10.0.36.55','Ativo','IP','2025-09-08 13:26:42'),
('D5N213801151','ZD230','Térmica',NULL,'Ativo','USB','2025-09-08 13:26:42'),
('D5N213801152','ZD230','Térmica',NULL,'Ativo','USB','2025-09-08 13:26:42'),
('D5N213801272','ZD230','Térmica','10.0.24.55','Ativo','IP','2025-09-08 13:26:42'),
('D5N213801292','ZD230','Térmica','10.0.3.52','Ativo','IP','2025-09-08 13:26:42'),
('D5N213801332','ZD230','Térmica','10.0.12.55','Ativo','IP','2025-09-08 13:26:42'),
('D5N214900226','ZD230','Térmica',NULL,'Ativo','USB','2025-09-08 13:26:42'),
('D5N220300498','ZD230','Térmica','192.168.50.68','Ativo','IP','2025-09-08 13:26:42'),
('D5N220300710','ZD230','Térmica','10.0.45.55','Ativo','IP','2025-09-08 13:26:42'),
('D5N220300724','ZD230','Térmica','192.168.50.101','Ativo','IP','2025-09-08 13:26:42'),
('D5N220300735','ZD230','Térmica','192.168.50.55','Ativo','IP','2025-09-08 13:26:42'),
('D5N223901690','ZD230','Térmica',NULL,'Ativo','USB','2025-09-08 13:26:42'),
('D5N224802168','ZD230','Térmica',NULL,'Ativo','USB','2025-09-08 13:26:42'),
('D5N224802314','ZD230','Térmica','192.168.50.56','Ativo','IP','2025-09-08 13:26:42'),
('D5N224802511','ZD230','Térmica','10.0.35.55','Ativo','IP','2025-09-08 13:26:42'),
('D5N230302027','ZD230','Térmica',NULL,'Ativo','USB','2025-09-08 13:26:42'),
('D5N231901472','ZD230','Térmica','192.168.0.86','Ativo','IP','2025-09-08 13:26:42'),
('D5N232201109','ZD230','Térmica','10.0.25.55','Ativo','IP','2025-09-10 11:30:26'),
('E173M860473','RICOH MP C4503','Laser','192.168.50.26','Ativo','IP','2025-09-08 13:26:42'),
('G174RB30035','RICOH MP C4503','Laser','192.168.50.66','Ativo','IP','2025-09-08 13:26:42'),
('G175R630307','RICOH MP C4503','Laser','192.168.50.65','Ativo','IP','2025-09-08 13:26:42'),
('G176R930228 ','RICOH MP C4503','Laser','10.18.0.250','Ativo','IP','2025-09-08 13:26:42'),
('KNDX04137','Multifuncional Canon GX7010','Laser',NULL,'Ativo','USB','2025-09-10 15:44:56'),
('T885Q111369','nan','Laser','10.18.31.23','Ativo','IP','2025-09-08 13:26:42'),
('T885QB11297','nan','Laser','10.18.19.108','Ativo','IP','2025-09-08 13:26:42'),
('ZDDPB07K7137EMY','SL-M4070FR','Laser','192.168.50.60','Ativo','IP','2025-09-08 13:26:42'),
('ZDDPB07K7137ENY','nan','Laser','10.0.44.53','Offline','IP','2025-09-08 13:26:42'),
('ZDDPB07K7137F2Y','Samsung M337x 387x 407x Series','Laser','10.0.15.50','Ativo','IP','2025-09-12 11:52:02'),
('ZDDPB07M515Q8SL','Samsung M337x 387x 407x Series','Laser','10.0.45.51','Ativo','IP','2025-09-12 11:52:02'),
('ZDDPB07M515QTJL','Samsung M337x 387x 407x Series','Laser','10.0.20.50','Ativo','IP','2025-09-12 11:52:02'),
('ZDDPB07M515RSMP','nan','Laser',NULL,'Ativo','USB','2025-09-08 13:26:42'),
('ZDDPB07M6168QDK','Samsung M337x 387x 407x Series','Laser','10.0.45.50','Ativo','IP','2025-09-12 11:52:02'),
('ZDDPB07M6168QXK','SL-M4070FR','Laser','10.0.41.51','Offline','IP','2025-09-08 13:26:42'),
('ZDDPB07M6168RNA','SL-M4070FR','Laser','192.168.50.53','Ativo','IP','2025-09-08 13:26:42'),
('ZDDPB07M6168RVA','Samsung M337x 387x 407x Series','Laser','10.0.11.50','Ativo','IP','2025-09-12 11:52:02'),
('ZDDPB07M616B45E','SL-M4070FR','Laser','10.0.22.50','Offline','IP','2025-09-08 13:26:42'),
('ZDDPB07M616B4FE','Samsung M337x 387x 407x Series','Laser','10.0.29.50','Ativo','IP','2025-09-12 11:52:02'),
('ZDDPB07M616B4VE','nan','Laser','10.0.36.51','Offline','IP','2025-09-08 13:26:42'),
('ZDDPB07M616B50H','Samsung M337x 387x 407x Series','Laser','10.0.28.50','Ativo','IP','2025-09-12 11:52:02'),
('ZDDPB07M616B54H','Samsung M337x 387x 407x Series','Laser','10.0.34.50','Ativo','IP','2025-09-12 11:52:02'),
('ZDDPB07M616B55H','SL-M4070FR','Laser','192.168.50.63','Ativo','IP','2025-09-08 13:26:42'),
('ZDDPB07M616B5DH','Samsung M337x 387x 407x Series','Laser','10.0.26.50','Ativo','IP','2025-09-12 11:52:02'),
('ZDDPB07M616B5LH','SL-M4070FR','Laser','192.168.50.58','Ativo','IP','2025-09-08 13:26:42'),
('ZDDPB07M616B5PH','Samsung M337x 387x 407x Series','Laser','10.0.27.50','Ativo','IP','2025-09-12 11:52:02'),
('ZDDPB07M616B6EW','nan','Laser','10.18.0.100','Ativo','IP','2025-09-08 13:26:42'),
('ZDDPB07M616B6PW','Samsung M337x 387x 407x Series','Laser','10.0.39.51','Ativo','IP','2025-09-12 11:52:02'),
('ZDDPB07M616B6VW','Samsung M337x 387x 407x Series','Laser','10.0.35.50','Ativo','IP','2025-09-12 11:52:02'),
('ZDDPB07M616B6WW','Samsung M337x 387x 407x Series','Laser','10.0.19.51','Ativo','IP','2025-09-12 11:52:02'),
('ZDDPB07M616B6XW','nan','Laser','10.0.36.53','Offline','IP','2025-09-08 13:26:42'),
('ZDDPB07M616B76T','SL-M4070FR','Laser','10.0.6.50','Erro no SNMP','IP','2025-09-08 13:26:42'),
('ZDDPB07M616B8MZ','Samsung M337x 387x 407x Series','Laser','10.0.37.50','Ativo','IP','2025-09-12 11:52:02'),
('ZDDPB07M616B8PZ','Samsung M337x 387x 407x Series','Laser','10.0.41.50','Erro no SNMP','IP','2025-09-08 13:26:42'),
('ZDDPB07M616B9YP','Samsung M337x 387x 407x Series','Laser','10.0.35.51','Ativo','IP','2025-09-12 11:52:02'),
('ZDDPB07M616BBXR','nan','Laser','10.0.44.50','Offline','IP','2025-09-08 13:26:42'),
('ZDDPB07M616BC4M','SL-M4070FR','Laser','192.168.50.57','Ativo','IP','2025-09-08 13:26:42'),
('ZDDPB07M616BC7M','Samsung M337x 387x 407x Series','Laser','10.0.34.51','Ativo','IP','2025-09-12 11:52:02'),
('ZDDPB07M616BCEM','SL-M4070FR','Laser','192.168.50.51','Ativo','IP','2025-09-08 13:26:42'),
('ZDDPB07M616BCFM','Samsung M337x 387x 407x Series','Laser','10.0.19.50','Ativo','IP','2025-09-12 11:52:02'),
('ZDDPB07M616BCGM','Samsung M337x 387x 407x Series','Laser',NULL,'Ativo','IP','2025-09-12 11:52:02'),
('ZDDPB07M616BCHM','nan','Laser','10.0.32.52','Offline','IP','2025-09-08 13:26:42'),
('ZDDPB07M716CNLX','Samsung M337x 387x 407x Series','Laser','10.0.6.51','Ativo','IP','2025-09-12 11:52:02'),
('ZDDPB07M716CNNX','Samsung M337x 387x 407x Series','Laser','10.0.2.50','Ativo','IP','2025-09-12 11:52:02'),
('ZDDPB07M716CP5F','Samsung M337x 387x 407x Series','Laser','10.0.20.51','Ativo','IP','2025-09-12 11:52:02'),
('ZDDPB07M716CQDJ','Samsung M337x 387x 407x Series','Laser','10.0.39.53','Ativo','IP','2025-09-12 11:52:02'),
('ZDDPB07M716CREV','Samsung M337x 387x 407x Series','Laser','10.0.19.56','Ativo','IP','2025-09-12 11:52:02'),
('ZDDPB07M716CRWV','SL-M4070FR','Laser','192.168.50.73','Ativo','IP','2025-09-08 13:26:42'),
('ZDDPB07M716CT2Y','Samsung M337x 387x 407x Series','Laser','10.0.23.50','Ativo','IP','2025-09-12 11:52:02'),
('ZDDPB07M716CTGY','SL-M4070FR','Laser','10.0.52.50','Offline','IP','2025-09-08 13:26:42'),
('ZDDPB07M716CTQY','Samsung M337x 387x 407x Series','Laser','10.0.37.51','Ativo','IP','2025-09-12 11:52:02'),
('ZDDPB07M716CTZY','Samsung M337x 387x 407x Series','Laser','10.0.4.52','Offline','IP','2025-09-12 11:52:02'),
('ZDDPB07M716CVFD','SL-M4070FR','Laser','192.168.50.27','Ativo','IP','2025-09-08 13:26:42'),
('ZDDPB07M716CVKDX','Samsung M337x 387x 407x Series','Laser','10.0.4.51','Ativo','IP','2025-09-12 11:52:02'),
('ZDDPB07M716CVPD','Samsung M337x 387x 407x Series','Laser','10.0.29.51','Ativo','IP','2025-09-12 11:52:02'),
('ZDDPB07M716CVXD','Samsung M337x 387x 407x Series','Laser','10.0.9.50','Ativo','IP','2025-09-12 11:52:02'),
('ZDDPB07M716CW1E','Samsung M337x 387x 407x Series','Laser','10.0.21.51','Ativo','IP','2025-09-12 11:52:02'),
('ZDDPB07M716CX1H','Samsung M337x 387x 407x Series','Laser','10.0.2.51','Ativo','IP','2025-09-12 11:52:02'),
('ZDDPB07M716CXRH','Samsung M337x 387x 407x Series','Laser','10.0.7.51','Ativo','IP','2025-09-12 11:52:02'),
('ZDDPB07M716CYWW','Samsung M337x 387x 407x Series','Laser','10.0.30.51','Ativo','IP','2025-09-12 11:52:02'),
('ZDDPB07M716CZ1T','Samsung M337x 387x 407x Series','Laser','10.0.13.51','Ativo','IP','2025-09-12 11:52:02'),
('ZDDPB07M716CZBT','SL-M4070FR','Laser','10.0.7.50','Erro no SNMP','IP','2025-09-08 13:26:42'),
('ZDDPB07M716CZDT','SL-M4070FR','Laser','192.168.50.49','Ativo','IP','2025-09-08 13:26:42'),
('ZDDPB07M716CZET','Samsung M337x 387x 407x Series','Laser','10.0.9.51','Ativo','IP','2025-09-12 11:52:02'),
('ZDDPB07M716CZHTX','Samsung M337x 387x 407x Series','Laser','10.0.13.50','Ativo','IP','2025-09-12 11:52:02'),
('ZDDPB07M716CZLT','SL-M4070FR','Laser','192.168.50.78','Ativo','IP','2025-09-08 13:26:42'),
('ZDDPB07M716CZST','Samsung M337x 387x 407x Series','Laser','10.0.30.50','Ativo','IP','2025-09-12 11:52:02'),
('ZDDPB07M716D00N','Samsung M337x 387x 407x Series','Laser','10.0.26.54','Ativo','IP','2025-09-12 11:52:02'),
('ZDDPB07M716D2GM','Samsung M337x 387x 407x Series','Laser','10.0.28.51','Ativo','IP','2025-09-12 11:52:02'),
('ZDDPB07M716D2JM','SL-M4070FR','Laser','10.0.24.51','Erro no SNMP','IP','2025-09-08 13:26:42'),
('ZDDPB07M716D2RM','Samsung M337x 387x 407x Series','Laser','10.0.10.51','Ativo','IP','2025-09-12 11:52:02'),
('ZDDPB07M716D2WM','Samsung M337x 387x 407x Series','Laser','10.0.27.51','Ativo','IP','2025-09-12 11:52:02'),
('ZDDPB07M716D2XM','SL-M4070FR','Laser','192.168.50.34','Ativo','IP','2025-09-08 13:26:42'),
('ZDDPB07M716D33L','nan','Laser','10.0.32.51','Offline','IP','2025-09-08 13:26:42'),
('ZDDPB07M716D39L','SL-M4070FR','Laser','192.168.50.52','Ativo','IP','2025-09-08 13:26:42'),
('ZDDPB07M716D3BL','Samsung M337x 387x 407x Series','Laser','10.0.8.51','Ativo','IP','2025-09-12 11:52:02'),
('ZDDPB07M716DEJH','SL-M4070FR','Laser','192.168.50.50','Ativo','IP','2025-09-08 13:26:42'),
('ZDDPB07M716DEQH','SL-M4070FR','Laser','192.168.50.30','Ativo','IP','2025-09-08 13:26:42'),
('ZDDPB07M716DERH','Samsung M337x 387x 407x Series','Laser','10.0.19.52','Ativo','IP','2025-09-12 11:52:02'),
('ZDDPB07M716DETH','Samsung M337x 387x 407x Series','Laser','10.0.21.50','Ativo','IP','2025-09-12 11:52:02'),
('ZDDPB07M716DF0W','Samsung M337x 387x 407x Series','Laser','10.0.23.53','Ativo','IP','2025-09-12 11:52:02'),
('ZDDPB07M716DF2W','Samsung M337x 387x 407x Series','Laser','10.0.3.56','Ativo','IP','2025-09-12 11:52:02'),
('ZDDPB07M716DN0L','Samsung M337x 387x 407x Series','Laser','10.0.8.50','Ativo','IP','2025-09-12 11:52:02'),
('ZDDPB07M716DP0K','Samsung M337x 387x 407x Series','Laser','10.0.11.51','Ativo','IP','2025-09-12 11:52:02'),
('ZDDPB07M716DQNA','Samsung M337x 387x 407x Series','Laser','10.0.5.52','Ativo','IP','2025-09-12 11:52:02'),
('ZDDPB07M716DQVA','nan','Laser','10.0.32.50','Offline','IP','2025-09-08 13:26:42'),
('ZDDPB07M716HGFK','Samsung M337x 387x 407x Series','Laser',NULL,'Ativo','IP','2025-09-12 11:52:02'),
('ZDDPB07M716HGHK','SL-M4070FR','Laser','192.168.50.31','Ativo','IP','2025-09-08 13:26:42'),
('ZDDPB07M716HGKK','nan','Laser','10.0.36.50','Offline','IP','2025-09-08 13:26:42'),
('ZDDPB07M716HGMK','Samsung M337x 387x 407x Series','Laser','10.0.45.52','Ativo','IP','2025-09-12 11:52:02'),
('ZDDPB07M716HGQK','nan','Laser',NULL,'Ativo','IP','2025-09-08 13:26:42'),
('ZDEJB07M2253FPT','SL-M4020ND','Laser','192.168.50.48','Ativo','IP','2025-09-08 13:26:42'),
('ZDEJB07M2253VHB','SL-M4020ND','Laser','192.168.50.70','Ativo','IP','2025-09-08 13:26:42'),
('ZDEJB07M22542FN','SL-M4020ND','Laser','10.0.23.54','Erro no SNMP','IP','2025-09-08 13:26:42'),
('ZDEJB07M545SSSN','SL-M4020ND','Laser','10.0.39.52','Erro no SNMP','IP','2025-09-08 13:26:42'),
('ZDEJB07M545T2XY','nan','Laser','192.168.50.92','Ativo','IP','2025-09-08 13:26:42'),
('ZDEJB07M545T3BD','Samsung M332x 382x 402x Series','Laser',NULL,'Ativo','IP','2025-09-08 13:26:42'),
('ZDEJB07M545T53H','SL-M4020ND','Laser','192.168.50.71','Ativo','IP','2025-09-08 13:26:42'),
('ZDEJB07M545T5JH','nan','Laser','10.0.32.53','Offline','IP','2025-09-08 13:26:42'),
('ZDEJB07M545T5QH','Samsung M332x 382x 402x Series','Laser','10.0.15.51','Ativo','IP','2025-09-12 11:52:02'),
('ZDEJB07M545T5SH','SL-M4020ND','Laser','10.0.12.50','Erro no SNMP','IP','2025-09-08 13:26:42'),
('ZDEJB07M545TG7X','Samsung M332x 382x 402x Series','Laser','10.0.24.50','Ativo','IP','2025-09-12 11:52:02'),
('ZDEJB07M926YQPD','Samsung M332x 382x 402x Series','Laser','10.0.45.53','Ativo','IP','2025-09-12 11:52:02'),
('ZDEJB07MA1740AV','Samsung M332x 382x 402x Series','Laser','10.0.4.50','Ativo','IP','2025-09-12 11:52:02'),
('ZEQYBQAD800465L','Samsung M332x 382x 402x Series','Laser','10.0.5.50','Ativo','IP','2025-09-12 11:52:02'),
('ZEQYBQAD801369Z','SL-M4020ND','Laser','192.168.50.43','Ativo','IP','2025-09-08 13:26:42'),
('ZEQYBQAD801381X','Samsung M332x 382x 402x Series','Laser','10.0.3.50','Ativo','IP','2025-09-12 11:52:02'),
('ZEQYBQAFA002ZLW','Samsung M332x 382x 402x Series','Laser','10.0.10.50','Ativo','IP','2025-09-12 11:52:02'),
('ZER4BQADA01350E','Samsung M337x 387x 407x Series','Laser','10.0.5.51','Ativo','IP','2025-09-12 11:52:02'),
('ZER4BQADA01355M','Samsung M337x 387x 407x Series','Laser','10.0.39.50','Ativo','IP','2025-09-12 11:52:02'),
('ZER4BQADA01355MX','Samsung M337x 387x 407x Series','Laser','10.0.3.53','Ativo','IP','2025-09-12 11:52:02');
/*!40000 ALTER TABLE `impressoras` ENABLE KEYS */;
UNLOCK TABLES;

--
-- Table structure for table `log_movimentacoes`
--

DROP TABLE IF EXISTS `log_movimentacoes`;
/*!40101 SET @saved_cs_client     = @@character_set_client */;
/*!40101 SET character_set_client = utf8mb4 */;
CREATE TABLE `log_movimentacoes` (
  `id_log` int(11) NOT NULL AUTO_INCREMENT,
  `num_serie` varchar(50) DEFAULT NULL,
  `modelo` varchar(50) DEFAULT NULL,
  `evento` text NOT NULL,
  `ip_anterior` varchar(18) DEFAULT NULL,
  `ip_novo` varchar(18) DEFAULT NULL,
  `filial_anterior` int(11) DEFAULT NULL,
  `filial_nova` int(11) DEFAULT NULL,
  `usuario_resposavel` varchar(100) DEFAULT NULL,
  `data_evento` timestamp NULL DEFAULT current_timestamp(),
  PRIMARY KEY (`id_log`)
) ENGINE=InnoDB DEFAULT CHARSET=utf8mb4 COLLATE=utf8mb4_general_ci;
/*!40101 SET character_set_client = @saved_cs_client */;

--
-- Dumping data for table `log_movimentacoes`
--

LOCK TABLES `log_movimentacoes` WRITE;
/*!40000 ALTER TABLE `log_movimentacoes` DISABLE KEYS */;
/*!40000 ALTER TABLE `log_movimentacoes` ENABLE KEYS */;
UNLOCK TABLES;

--
-- Table structure for table `manutencao`
--

DROP TABLE IF EXISTS `manutencao`;
/*!40101 SET @saved_cs_client     = @@character_set_client */;
/*!40101 SET character_set_client = utf8mb4 */;
CREATE TABLE `manutencao` (
  `id_manu` int(11) NOT NULL,
  `num_serie` varchar(50) NOT NULL,
  `modelo` varchar(50) NOT NULL,
  `filial_id` int(11) NOT NULL,
  `filial_nome` varchar(50) NOT NULL,
  `ip` varchar(18) NOT NULL,
  `data_entrada` date NOT NULL,
  `data_saida` date NOT NULL,
  PRIMARY KEY (`id_manu`),
  UNIQUE KEY `id_manu` (`id_manu`),
  KEY `num_serie` (`num_serie`),
  KEY `filial_id` (`filial_id`),
  CONSTRAINT `manutencao_ibfk_1` FOREIGN KEY (`num_serie`) REFERENCES `impressoras` (`num_serie`),
  CONSTRAINT `manutencao_ibfk_2` FOREIGN KEY (`filial_id`) REFERENCES `filiais` (`id`)
) ENGINE=InnoDB DEFAULT CHARSET=utf8mb4 COLLATE=utf8mb4_general_ci;
/*!40101 SET character_set_client = @saved_cs_client */;

--
-- Dumping data for table `manutencao`
--

LOCK TABLES `manutencao` WRITE;
/*!40000 ALTER TABLE `manutencao` DISABLE KEYS */;
/*!40000 ALTER TABLE `manutencao` ENABLE KEYS */;
UNLOCK TABLES;
/*!40103 SET TIME_ZONE=@OLD_TIME_ZONE */;

/*!40101 SET SQL_MODE=@OLD_SQL_MODE */;
/*!40014 SET FOREIGN_KEY_CHECKS=@OLD_FOREIGN_KEY_CHECKS */;
/*!40014 SET UNIQUE_CHECKS=@OLD_UNIQUE_CHECKS */;
/*!40101 SET CHARACTER_SET_CLIENT=@OLD_CHARACTER_SET_CLIENT */;
/*!40101 SET CHARACTER_SET_RESULTS=@OLD_CHARACTER_SET_RESULTS */;
/*!40101 SET COLLATION_CONNECTION=@OLD_COLLATION_CONNECTION */;
/*!40111 SET SQL_NOTES=@OLD_SQL_NOTES */;

-- Dump completed on 2025-09-12 16:15:41
